startDate,approve,disapprove
2024-01-28,45.0,54.0
2024-01-25,42.0,55.0
2024-01-01,35.3,56.9
2024-01-26,37.0,60.0
2024-01-25,38.0,62.0
2024-01-27,35.0,56.0
2024-01-28,41.0,54.0
2024-01-25,38.0,61.0
2024-01-25,39.0,55.0
2024-01-25,40.0,56.0
2024-01-26,42.2,46.3
2024-01-26,38.0,57.0
2024-01-26,35.0,53.0
2024-01-24,41.0,58.0
2024-01-21,45.0,54.0
2024-01-19,39.0,54.0
2024-01-21,40.0,56.0
2024-01-02,41.0,54.0
2024-01-19,41.0,55.0
2024-01-16,33.0,65.0
2024-01-17,38.0,57.0
2024-01-17,40.0,54.0
2024-01-17,37.0,60.0
2024-01-16,42.69,57.31
2024-01-16,39.0,58.0
2024-01-17,42.0,57.0
2024-01-18,38.0,47.0
2024-01-14,45.0,54.0
2024-01-16,42.0,53.0
2024-01-14,40.0,54.0
2024-01-11,39.9,60.1
2024-01-10,36.0,61.0
2024-01-07,44.0,55.0
2024-01-08,43.0,57.0
2024-01-07,40.0,53.0
2024-01-04,33.0,58.0
2024-01-03,36.0,54.0
2024-01-03,41.0,59.0
2024-01-02,37.0,60.0
2024-01-03,41.0,58.0
2023-12-27,43.0,56.0
2023-12-28,39.0,58.0
2023-12-27,37.0,55.0
2023-12-31,39.0,56.0
2023-12-25,37.0,55.0
2023-12-20,46.0,53.0
2023-12-23,38.9,57.6
2023-12-18,39.0,54.0
2023-12-20,36.0,62.0
2023-12-01,39.0,59.0
2023-12-17,37.0,57.0
2023-12-13,43.0,55.0
2023-12-18,39.0,59.0
2023-12-13,44.0,54.0
2023-12-14,35.0,59.0
2023-12-14,37.0,57.0
2023-12-16,40.0,54.0
2023-12-11,38.0,55.0
2023-12-14,39.4,60.6
2023-12-15,41.0,57.0
2023-12-15,39.0,50.0
2023-12-12,41.0,58.0
2023-12-04,41.0,51.0
2023-12-10,37.0,58.0
2023-12-13,38.0,59.0
2023-12-13,43.0,56.0
2023-12-10,43.0,57.0
2023-12-08,35.0,59.0
2023-12-09,39.0,55.0
2023-12-06,43.0,56.0
2023-12-07,39.0,53.0
2023-12-04,38.0,55.0
2023-12-07,38.0,54.0
2023-12-08,40.0,47.0
2023-12-06,41.0,59.0
2023-12-04,40.0,53.0
2023-12-05,40.0,57.0
2023-11-30,44.0,55.0
2023-12-04,40.6,50.7
2023-12-04,39.0,56.0
2023-12-02,39.0,55.0
2023-11-29,45.0,53.0
2023-11-30,41.0,57.0
2023-11-29,37.0,61.0
2023-11-30,41.0,59.0
2023-11-30,34.0,61.0
2023-11-27,33.0,64.0
2023-11-27,37.0,55.0
2023-12-01,39.78,53.08
2023-11-27,37.8,53.7
2023-11-27,38.0,56.0
2023-11-29,33.0,55.0
2023-11-01,35.8,57.3
2023-11-01,37.0,63.0
2023-11-27,38.2,61.8
2023-11-22,38.0,57.0
2023-11-20,44.0,54.0
2023-11-26,41.85,58.15
2023-11-27,40.0,57.0
2023-11-25,41.0,54.0
2023-11-20,39.0,54.0
2023-11-24,35.0,55.0
2023-11-01,37.0,59.0
2023-11-08,38.0,48.0
2023-11-16,43.0,55.0
2023-11-18,40.0,54.0
2023-11-17,37.6,49.9
2023-11-17,37.0,57.0
2023-11-13,38.0,55.0
2023-11-15,39.0,57.0
2023-11-13,42.0,56.0
2023-11-14,39.0,59.0
2023-11-15,45.0,52.0
2023-11-09,42.4,54.7
2023-11-10,40.0,57.0
2023-11-13,39.0,58.0
2023-11-11,41.0,52.0
2023-11-10,44.0,53.0
2023-11-09,39.0,58.0
2023-11-10,40.0,59.0
2023-11-09,36.0,59.0
2023-11-09,38.0,56.0
2023-11-06,39.0,54.0
2023-11-06,45.0,53.0
2023-11-01,38.0,58.0
2023-11-08,35.0,61.0
2023-11-06,42.0,51.0
2023-11-02,40.0,60.0
2023-11-02,40.0,59.0
2023-11-06,40.0,56.0
2023-11-05,40.0,54.0
2023-11-03,42.1,57.9
2023-11-02,38.0,61.0
2023-10-30,39.0,54.0
2023-10-30,36.7,55.3
2023-10-30,41.0,57.0
2023-11-03,38.54,55.65
2023-11-01,39.0,52.0
2023-10-27,39.0,61.0
2023-11-01,39.0,58.0
2023-10-30,41.0,56.0
2023-10-01,39.0,53.0
2023-10-28,37.0,55.0
2023-10-28,39.0,57.0
2023-10-26,38.0,59.0
2023-10-26,36.0,59.0
2023-10-27,44.9,52.6
2023-10-23,39.0,54.0
2023-10-27,37.0,51.0
2023-10-29,37.5,45.2
2023-10-23,43.0,55.0
2023-10-26,40.0,50.0
2023-10-20,37.0,56.0
2023-10-20,41.0,57.0
2023-10-23,37.0,61.0
2023-10-25,37.0,61.0
2023-10-23,44.22,55.78
2023-10-19,43.0,55.0
2023-10-21,40.0,55.0
2023-10-02,37.0,59.0
2023-10-16,40.0,56.0
2023-10-16,39.0,53.0
2023-10-19,42.4,57.6
2023-10-16,48.0,51.0
2023-10-20,40.0,58.0
2023-10-17,38.0,56.0
2023-10-17,39.8,56.3
2023-10-18,38.0,53.0
2023-10-16,40.0,54.0
2023-10-18,40.0,56.0
2023-10-16,40.0,60.0
2023-10-18,44.0,53.0
2023-10-11,40.4,57.1
2023-10-16,41.0,57.0
2023-10-16,42.0,49.6
2023-10-14,41.0,53.0
2023-10-12,40.0,58.0
2023-10-11,37.0,58.0
2023-10-12,37.0,55.0
2023-10-12,39.0,54.0
2023-10-11,31.0,63.0
2023-10-09,40.0,53.0
2023-10-13,48.0,50.2
2023-10-10,38.0,53.0
2023-10-09,43.0,54.0
2023-10-09,37.0,58.0
2023-10-11,43.0,52.0
2023-10-09,39.0,56.0
2023-10-08,41.0,54.0
2023-10-05,37.0,60.0
2023-10-04,41.0,59.0
2023-10-06,41.0,58.0
2023-10-05,38.0,61.0
2023-10-02,39.0,53.0
2023-10-06,40.4,53.83
2023-10-02,42.0,56.0
2023-10-04,39.0,56.0
2023-10-04,40.0,56.0
2023-09-29,39.0,53.0
2023-09-30,40.0,55.0
2023-09-28,27.0,64.0
2023-09-28,40.9,59.1
2023-09-25,39.0,53.0
2023-09-25,49.0,48.0
2023-09-01,41.0,53.0
2023-09-27,36.0,54.0
2023-09-28,40.0,56.0
2023-09-25,42.0,50.0
2023-09-25,38.0,59.0
2023-09-21,42.0,52.0
2023-09-22,42.0,54.0
2023-09-23,40.0,55.0
2023-09-18,39.0,61.0
2023-09-21,42.0,56.0
2023-09-20,37.0,54.0
2023-09-18,40.0,53.0
2023-09-22,37.0,52.0
2023-09-19,38.0,55.0
2023-09-22,43.2,56.8
2023-09-18,44.0,54.0
2023-09-01,41.0,58.0
2023-09-19,43.28,56.72
2023-09-15,37.0,56.0
2023-09-17,39.0,56.0
2023-09-13,40.0,56.0
2023-09-15,41.0,56.0
2023-09-18,40.0,59.0
2023-09-15,46.0,54.0
2023-09-17,41.0,55.0
2023-09-07,45.0,53.0
2023-09-16,43.3,51.5
2023-09-17,41.3,47.4
2023-09-14,38.0,56.0
2023-09-17,36.0,46.0
2023-09-11,39.0,53.0
2023-09-11,46.0,53.0
2023-09-13,38.0,53.0
2023-09-13,40.0,58.0
2023-09-13,42.0,54.0
2023-08-17,41.0,55.0
2023-09-11,42.0,56.0
2023-09-09,41.0,58.0
2023-09-09,39.0,52.0
2023-09-10,38.0,57.0
2023-08-25,40.0,50.0
2023-09-07,39.0,57.0
2023-09-07,40.0,59.0
2023-09-06,43.0,52.0
2023-09-07,36.0,57.0
2023-09-04,41.0,52.0
2023-09-07,41.6,58.3
2023-09-08,41.61,52.34
2023-09-04,45.0,53.0
2023-09-05,40.0,60.0
2023-09-06,41.0,56.0
2023-09-05,39.0,58.0
2023-08-30,32.0,61.0
2023-09-02,41.0,53.0
2023-09-03,38.0,46.0
2023-08-28,40.0,52.0
2023-08-28,40.0,57.0
2023-08-30,41.0,49.0
2023-08-01,39.0,55.0
2023-08-24,41.0,56.0
2023-08-28,41.0,57.0
2023-08-25,39.0,61.0
2023-08-25,40.0,57.0
2023-08-24,42.0,57.0
2023-08-29,42.0,56.0
2023-08-26,38.0,55.0
2023-08-21,40.0,52.0
2023-08-25,36.6,54.7
2023-08-21,44.0,53.0
2023-08-24,43.0,54.0
2023-08-25,43.3,47.0
2023-08-21,41.0,56.0
2023-08-24,47.6,52.35
2023-08-24,42.0,55.0
2023-08-23,44.0,50.0
2023-08-01,42.0,53.0
2023-08-15,43.0,54.0
2023-08-19,41.0,54.0
2023-08-17,40.0,56.0
2023-08-17,44.0,54.0
2023-08-17,41.0,54.0
2023-08-17,44.0,52.0
2023-08-17,32.0,59.0
2023-08-14,40.0,52.0
2023-08-17,43.8,56.1
2023-08-17,41.0,54.0
2023-08-14,47.0,51.0
2023-08-16,42.1,47.3
2023-08-10,39.0,55.0
2023-08-12,40.0,53.0
2023-08-11,43.0,54.0
2023-08-11,42.0,58.0
2023-08-10,37.0,56.0
2023-08-11,41.0,52.0
2023-08-10,42.0,57.0
2023-08-11,37.0,59.0
2023-08-07,40.0,52.0
2023-08-07,43.0,55.0
2023-08-09,39.0,53.0
2023-08-05,43.0,51.0
2023-08-07,39.0,58.0
2023-08-05,41.0,53.0
2023-08-03,40.0,56.0
2023-08-02,30.0,59.0
2023-08-05,36.0,47.0
2023-07-31,40.0,53.0
2023-08-04,40.0,54.0
2023-07-31,46.0,52.0
2023-08-02,38.0,51.0
2023-07-31,40.0,54.0
2023-08-02,41.0,55.0
2023-07-28,40.0,55.0
2023-07-29,40.0,56.0
2023-07-01,39.0,54.0
2023-07-28,44.0,54.0
2023-07-01,41.0,59.0
2023-07-24,41.0,51.0
2023-07-27,44.0,56.0
2023-07-24,47.0,51.0
2023-07-26,40.0,60.0
2023-07-24,41.0,52.0
2023-07-26,41.0,56.0
2023-07-24,41.0,57.0
2023-07-23,39.0,54.0
2023-07-03,40.0,55.0
2023-07-24,38.2,51.9
2023-07-21,31.0,60.0
2023-07-22,44.0,52.0
2023-07-20,40.0,57.0
2023-07-19,42.0,56.0
2023-07-21,41.0,53.0
2023-07-17,40.0,52.0
2023-07-17,44.0,55.0
2023-07-19,42.0,55.0
2023-07-17,40.0,56.0
2023-07-18,43.0,55.0
2023-07-17,46.45,53.55
2023-07-15,40.0,54.0
2023-07-14,44.0,54.0
2023-07-13,40.0,54.0
2023-07-13,38.0,54.0
2023-07-12,44.0,52.0
2023-07-13,43.0,57.0
2023-07-12,39.0,55.0
2023-07-10,40.0,52.0
2023-07-10,44.0,55.0
2023-07-07,28.0,60.0
2023-07-07,42.0,57.0
2023-07-11,42.0,56.0
2023-07-10,40.0,55.0
2023-07-08,39.0,56.0
2023-07-06,39.0,57.0
2023-07-07,40.17,54.46
2023-07-03,40.0,52.0
2023-07-03,46.0,52.0
2023-07-05,38.0,51.0
2023-07-06,40.0,48.0
2023-07-05,41.0,54.0
2023-07-01,38.0,55.0
2023-06-26,40.0,52.0
2023-06-26,44.0,53.0
2023-06-01,39.0,55.0
2023-06-23,39.0,54.0
2023-06-20,43.0,55.0
2023-06-26,44.0,55.0
2023-06-26,42.0,55.0
2023-06-24,39.0,55.0
2023-06-23,44.0,55.0
2023-06-22,41.0,58.0
2023-06-23,31.0,60.0
2023-06-25,37.0,45.0
2023-06-19,40.0,52.0
2023-06-22,41.3,58.7
2023-06-19,45.0,53.0
2023-06-22,39.0,54.0
2023-06-19,41.0,54.0
2023-06-01,43.0,54.0
2023-06-19,38.0,53.0
2023-06-19,41.0,58.0
2023-06-14,40.0,57.0
2023-06-16,43.0,53.0
2023-06-19,40.8,50.5
2023-06-16,40.0,52.0
2023-06-17,45.0,51.0
2023-06-17,40.0,54.0
2023-06-16,42.0,55.0
2023-06-15,41.0,56.0
2023-06-12,40.0,51.0
2023-06-12,43.0,55.0
2023-06-13,45.0,52.0
2023-06-14,43.0,53.0
2023-06-14,40.0,57.0
2023-06-12,45.0,49.0
2023-06-09,38.2,53.3
2023-06-10,37.0,55.0
2023-06-10,42.0,54.0
2023-06-08,41.0,54.0
2023-06-09,34.0,56.0
2023-06-05,35.0,62.0
2023-06-10,39.0,46.0
2023-06-05,40.0,53.0
2023-06-08,42.1,57.9
2023-06-05,45.0,52.0
2023-06-07,41.0,59.0
2023-06-06,38.8,57.2
2023-06-05,40.3,53.9
2023-06-07,37.0,57.0
2023-05-31,44.0,52.0
2023-06-06,45.0,51.0
2023-06-03,42.0,53.0
2023-05-31,42.0,52.0
2023-06-02,40.0,55.0
2023-06-02,40.0,58.0
2023-06-02,41.0,54.0
2023-05-29,40.0,53.0
2023-05-25,44.0,54.0
2023-05-31,40.0,51.0
2023-05-31,42.0,56.0
2023-05-29,33.0,57.0
2023-05-01,38.0,57.0
2023-05-31,37.0,51.0
2023-05-27,40.0,54.0
2023-05-25,44.0,49.0
2023-05-22,40.0,52.0
2023-05-26,37.1,54.9
2023-05-24,44.0,53.0
2023-05-25,46.76,53.24
2023-05-22,40.0,58.0
2023-05-22,44.0,54.0
2023-05-01,39.0,57.0
2023-05-18,43.0,55.0
2023-05-17,41.0,56.0
2023-05-18,41.0,53.0
2023-05-20,46.0,50.0
2023-05-19,42.0,58.0
2023-05-18,36.0,58.0
2023-05-18,40.0,58.0
2023-05-15,42.0,51.0
2023-05-17,40.0,60.0
2023-05-17,41.0,52.0
2023-05-17,41.0,59.0
2023-05-17,43.0,53.0
2023-05-08,39.0,61.0
2023-05-15,45.0,49.0
2023-05-17,43.0,54.0
2023-05-15,41.0,57.0
2023-05-17,40.0,45.0
2023-05-12,44.0,51.0
2023-05-11,42.0,56.0
2023-05-13,45.0,49.0
2023-05-10,44.0,52.0
2023-05-11,40.0,59.0
2023-05-12,35.0,55.0
2023-05-08,38.0,55.0
2023-05-08,42.0,51.0
2023-05-10,46.0,54.0
2023-05-10,35.7,54.1
2023-05-09,43.0,54.0
2023-05-04,44.0,54.0
2023-05-06,48.0,46.0
2023-05-04,43.0,54.0
2023-05-05,43.0,48.0
2023-05-05,40.0,57.0
2023-05-04,45.1,54.8
2023-05-01,42.0,51.0
2023-05-05,40.27,54.43
2023-05-04,42.0,56.0
2023-05-03,43.0,49.0
2023-05-02,39.9,55.4
2023-05-02,44.0,53.0
2023-04-27,44.0,56.0
2023-04-28,36.0,56.0
2023-04-27,48.0,51.0
2023-04-29,38.0,54.0
2023-04-28,42.0,56.0
2023-04-29,44.0,49.0
2023-03-27,43.0,57.0
2023-04-27,35.0,55.0
2023-04-01,39.0,55.0
2023-04-28,42.0,49.0
2023-04-24,42.0,51.0
2023-04-25,42.0,55.0
2023-04-24,42.0,55.0
2023-04-20,51.0,49.0
2023-04-03,37.0,59.0
2023-04-24,40.8,48.7
2023-04-22,47.0,48.0
2023-04-20,35.0,54.0
2023-04-20,42.0,55.0
2023-04-24,43.0,48.0
2023-04-21,44.0,55.0
2023-04-21,45.0,54.0
2023-04-21,41.0,59.0
2023-04-21,41.0,54.0
2023-04-17,42.0,51.0
2023-04-21,43.0,55.0
2023-04-19,38.5,52.6
2023-04-17,43.0,51.0
2023-04-17,41.0,50.0
2023-04-18,43.0,54.0
2023-04-13,48.0,50.0
2023-04-14,41.0,54.0
2023-04-15,42.0,50.0
2023-04-11,42.0,56.0
2023-04-13,42.0,58.0
2023-04-14,36.0,55.0
2023-04-14,44.0,50.0
2023-04-10,40.0,51.0
2023-04-14,39.16,53.78
2023-04-14,41.0,56.0
2023-04-11,50.0,48.0
2023-04-12,43.0,57.0
2023-04-10,39.0,57.7
2023-04-06,48.0,50.0
2023-04-06,39.0,55.0
2023-04-08,45.0,48.0
2023-04-05,40.0,52.0
2023-04-06,42.0,55.0
2023-04-06,45.0,53.0
2023-04-03,41.0,51.0
2023-03-30,45.0,53.0
2023-04-04,41.0,44.0
2023-04-01,44.0,50.0
2023-03-31,38.0,53.0
2023-03-27,37.0,60.0
2023-03-31,44.0,53.0
2023-03-27,40.0,52.0
2023-03-01,40.0,54.0
2023-03-01,42.0,57.0
2023-03-29,39.0,53.0
2023-03-29,45.0,45.0
2023-03-27,43.0,56.0
2023-03-23,48.0,51.0
2023-03-26,42.0,52.0
2023-03-23,43.0,54.0
2023-03-24,44.0,56.0
2023-03-23,37.0,57.0
2023-03-20,42.0,51.0
2023-03-01,40.0,56.0
2023-03-20,42.0,49.0
2023-03-22,43.0,55.0
2023-03-13,39.0,61.0
2023-03-20,45.0,55.0
2023-03-16,47.0,50.0
2023-03-13,47.1,52.9
2023-03-16,36.0,55.0
2023-03-19,43.0,51.0
2023-03-20,40.0,46.0
2023-03-16,38.0,61.0
2023-03-15,45.0,52.0
2023-03-16,44.0,54.0
2023-03-16,43.0,51.0
2023-03-16,41.0,51.0
2023-03-17,46.0,49.0
2023-03-17,43.0,54.0
2023-03-13,42.0,51.0
2023-03-14,39.0,51.0
2023-03-15,45.0,53.0
2023-03-15,37.6,53.8
2023-03-09,47.0,52.0
2023-03-13,46.0,51.0
2023-03-13,46.0,48.0
2023-03-11,42.0,50.0
2023-03-09,42.0,54.0
2023-03-09,38.0,55.0
2023-03-11,48.0,47.0
2023-03-10,44.0,54.0
2023-03-06,42.0,51.0
2023-03-11,47.0,48.0
2023-03-06,41.4,55.3
2023-03-02,49.0,50.0
2023-03-04,38.0,52.0
2023-03-04,41.0,52.0
2023-02-27,42.0,50.0
2023-03-03,45.0,49.0
2023-03-04,44.0,49.0
2023-03-03,45.0,52.0
2023-03-03,42.25,51.59
2023-03-03,46.0,49.0
2023-03-03,45.0,49.0
2023-03-03,44.0,53.0
2023-03-01,43.0,49.0
2023-03-01,45.0,45.0
2023-02-23,48.0,50.0
2023-02-01,42.0,53.0
2023-02-21,44.0,53.0
2023-02-25,42.0,51.0
2023-02-23,45.0,52.0
2023-02-23,41.0,53.0
2023-02-24,47.0,49.0
2023-02-20,41.0,51.0
2023-02-24,44.0,53.0
2023-02-24,44.0,50.0
2023-02-24,43.7,49.5
2023-02-01,42.0,54.0
2023-02-21,43.0,56.0
2023-02-17,44.0,54.0
2023-02-19,44.0,55.0
2023-02-17,41.0,53.0
2023-02-16,47.0,52.0
2023-02-20,44.0,50.0
2023-02-14,42.0,50.0
2023-02-16,47.0,48.0
2023-02-16,45.0,54.0
2023-02-17,45.0,51.0
2023-02-16,42.0,53.0
2023-02-17,43.0,51.0
2023-02-17,42.0,55.0
2023-02-16,40.0,52.0
2023-02-16,43.0,53.0
2023-02-13,41.0,51.0
2023-02-19,40.0,45.0
2023-02-15,40.5,51.0
2023-02-13,46.0,46.0
2023-02-15,42.0,55.0
2023-02-09,45.0,53.0
2023-02-09,40.0,54.0
2023-02-11,42.0,50.0
2023-02-09,46.0,54.0
2023-02-10,43.0,54.0
2023-02-09,43.0,54.0
2023-02-06,40.0,52.0
2023-02-10,44.0,53.0
2023-02-10,44.0,47.0
2023-02-02,44.0,54.0
2023-02-04,41.0,50.0
2023-02-02,41.0,52.0
2023-02-03,39.0,51.0
2023-02-03,42.0,55.0
2023-02-03,46.0,49.0
2023-01-30,40.0,52.0
2023-02-03,41.08,52.28
2023-02-04,44.0,50.0
2023-02-01,45.0,55.0
2023-02-01,46.0,44.0
2023-01-31,42.0,52.0
2023-01-27,42.0,53.0
2023-01-26,42.0,55.0
2023-01-01,40.0,49.0
2023-01-29,41.0,52.0
2023-01-26,41.0,58.0
2023-01-27,45.0,54.0
2023-01-26,43.0,48.0
2023-01-28,43.0,52.0
2023-01-28,39.0,44.0
2023-01-23,40.0,52.0
2023-01-28,44.0,52.0
2023-01-25,44.0,56.0
2023-01-23,43.0,48.0
2023-01-23,44.0,53.0
2023-01-23,40.0,57.0
2023-01-19,44.0,54.0
2023-01-18,38.0,60.0
2023-01-20,45.0,50.0
2023-01-19,45.0,53.0
2023-01-21,41.0,51.0
2023-01-20,43.0,55.0
2023-01-19,35.0,52.0
2023-01-20,46.0,50.0
2023-01-20,42.0,55.0
2023-01-02,41.0,54.0
2023-01-19,45.0,55.0
2023-01-20,43.0,55.0
2023-01-15,40.0,52.0
2023-01-19,44.2,47.8
2023-01-18,44.0,54.0
2023-01-09,43.0,56.0
2023-01-17,41.0,54.0
2023-01-18,38.3,51.9
2023-01-18,44.0,52.0
2023-01-18,42.0,56.0
2023-01-14,45.0,52.0
2023-01-12,44.0,54.0
2023-01-14,44.0,48.0
2023-01-14,44.0,50.0
2023-01-16,38.0,46.0
2023-01-12,43.0,49.0
2023-01-13,45.0,50.0
2023-01-14,45.0,50.0
2023-01-13,43.0,55.0
2023-01-13,39.8,52.81
2023-01-11,36.0,53.0
2023-01-08,41.0,51.0
2023-01-11,44.0,51.0
2023-01-01,43.0,54.0
2023-01-09,45.0,51.0
2023-01-05,47.0,51.0
2023-01-08,47.0,45.0
2023-01-05,46.0,52.0
2023-01-06,43.0,54.0
2023-01-05,44.0,51.0
2023-01-07,44.0,50.0
2023-01-05,43.0,53.0
2023-01-05,37.0,52.0
2023-01-01,42.0,51.0
2023-01-04,41.5,50.7
2023-01-04,44.0,46.0
2023-01-04,44.0,56.0
2022-12-28,47.0,52.0
2022-12-31,44.0,46.0
2022-12-01,45.0,47.0
2022-12-25,41.0,52.0
2022-12-28,42.0,56.0
2022-12-22,47.0,51.0
2022-12-21,43.0,55.0
2022-12-18,42.0,52.0
2022-12-19,46.0,51.0
2022-12-19,38.79,55.3
2022-12-17,45.0,50.0
2022-12-17,43.0,48.0
2022-12-13,43.0,54.0
2022-12-14,45.0,51.0
2022-12-15,43.0,50.0
2022-12-16,43.0,54.0
2022-12-16,42.6,51.1
2022-12-14,47.0,50.0
2022-12-11,42.0,51.0
2022-12-14,43.0,53.0
2022-12-10,44.0,53.0
2022-12-14,42.0,55.0
2022-12-10,43.0,51.0
2022-12-12,45.0,52.0
2022-12-09,46.0,52.0
2022-12-10,41.0,47.0
2022-12-11,46.0,51.0
2022-12-12,39.31,55.5
2022-12-09,44.0,56.0
2022-12-08,40.0,50.0
2022-12-08,42.0,50.0
2022-12-09,44.0,53.0
2022-12-07,44.8,52.1
2022-12-04,42.0,51.0
2022-12-08,44.0,50.0
2022-12-07,43.0,51.0
2022-12-07,40.0,49.0
2022-12-06,43.0,48.0
2022-12-06,50.0,49.0
2022-12-03,42.0,56.0
2022-12-01,46.0,54.0
2022-12-05,37.84,55.96
2022-12-03,42.0,51.0
2022-12-02,45.0,55.0
2022-12-01,43.0,55.0
2022-12-05,41.0,45.0
2022-12-02,43.0,54.0
2022-12-01,42.0,52.0
2022-12-01,44.0,54.0
2022-11-27,41.0,51.0
2022-11-09,40.0,55.0
2022-11-30,41.2,50.8
2022-11-29,42.0,54.0
2022-11-01,43.0,50.0
2022-11-26,41.0,54.0
2022-11-28,43.0,56.0
2022-11-26,39.37,50.38
2022-11-28,40.4,54.79
2022-11-25,45.0,53.0
2022-11-21,45.0,54.0
2022-11-20,41.0,52.0
2022-10-26,45.0,54.0
2022-11-15,45.0,55.0
2022-11-21,37.0,57.0
2022-11-19,43.0,47.0
2022-11-18,44.0,53.0
2022-11-17,44.0,55.0
2022-11-18,42.0,56.0
2022-11-18,42.0,56.0
2022-11-16,36.0,54.0
2022-11-17,41.0,54.0
2022-11-16,45.0,54.0
2022-11-13,42.0,51.0
2022-11-17,43.0,55.0
2022-11-17,45.0,51.0
2022-11-18,38.7,52.3
2022-11-16,40.4,50.9
2022-11-16,44.0,52.0
2022-11-16,43.0,54.0
2022-11-17,40.0,46.0
2022-11-14,42.0,54.0
2022-11-09,44.0,51.0
2022-11-14,37.2,57.22
2022-11-13,42.5,49.94
2022-11-13,45.0,53.0
2022-11-01,43.0,56.0
2022-11-09,44.0,51.0
2022-11-10,43.0,54.0
2022-11-10,43.0,55.0
2022-11-11,42.0,55.0
2022-11-10,44.0,54.0
2022-11-06,42.0,51.0
2022-11-10,46.0,50.0
2022-11-09,45.1,53.4
2022-11-08,45.0,54.0
2022-11-09,41.4,51.9
2022-11-08,47.0,53.0
2022-10-22,44.0,55.0
2022-11-03,44.0,56.0
2022-11-06,43.0,54.0
2022-11-08,41.0,55.0
2022-11-04,45.0,55.0
2022-10-26,50.0,50.0
2022-11-02,42.0,55.0
2022-11-03,42.0,57.0
2022-11-04,38.55,56.56
2022-11-05,36.2,53.3
2022-11-05,41.0,49.0
2022-11-04,41.0,53.0
2022-11-04,40.3,57.7
2022-11-03,42.0,51.0
2022-10-30,42.0,52.0
2022-11-04,42.0,55.0
2022-11-03,44.0,53.0
2022-11-03,44.0,52.0
2022-11-02,39.7,51.5
2022-10-31,35.0,57.0
2022-10-31,42.0,54.0
2022-10-30,41.0,53.0
2022-11-02,39.0,46.0
2022-10-31,44.0,55.0
2022-10-31,41.2,51.9
2022-10-29,41.9,49.92
2022-10-31,40.49,54.91
2022-10-01,43.0,51.0
2022-10-29,44.0,50.0
2022-10-01,43.0,55.0
2022-10-27,42.0,49.0
2022-10-28,44.16,55.85
2022-10-28,43.0,55.0
2022-10-26,41.0,59.0
2022-10-28,44.0,54.0
2022-10-27,45.0,55.0
2022-10-26,36.0,53.0
2022-10-27,39.4,59.3
2022-10-26,45.0,54.0
2022-10-27,44.0,52.0
2022-10-23,42.0,52.0
2022-10-27,43.0,56.0
2022-10-10,44.0,52.0
2022-10-27,46.0,50.0
2022-10-26,44.0,56.0
2022-10-24,49.0,49.0
2022-10-24,46.0,54.0
2022-10-24,42.0,50.0
2022-10-25,44.0,52.0
2022-10-20,42.0,52.0
2022-10-22,43.0,55.0
2022-10-24,44.0,55.0
2022-10-24,46.0,53.0
2022-10-24,41.1,51.6
2022-10-25,43.5,54.0
2022-10-22,41.54,50.82
2022-10-23,45.0,53.0
2022-10-24,38.87,54.77
2022-10-18,40.0,54.0
2022-10-20,43.0,55.0
2022-10-19,43.5,52.6
2022-10-17,42.0,52.0
2022-10-21,43.0,55.0
2022-10-19,45.0,55.0
2022-10-21,44.0,55.0
2022-10-19,44.0,51.0
2022-10-14,41.0,52.0
2022-10-14,42.0,51.0
2022-10-03,40.0,56.0
2022-10-18,45.0,54.0
2022-10-17,39.0,55.0
2022-10-18,44.0,54.0
2022-10-17,39.0,51.0
2022-10-17,40.0,52.0
2022-10-18,39.0,52.7
2022-10-14,45.0,52.0
2022-10-16,38.91,53.99
2022-10-17,39.97,53.91
2022-10-15,45.0,53.0
2022-10-12,45.0,52.0
2022-10-13,40.0,53.0
2022-10-11,42.0,52.0
2022-10-13,44.0,54.0
2022-10-13,43.0,51.0
2022-10-10,38.0,59.0
2022-10-13,46.0,50.0
2022-10-14,44.0,54.0
2022-10-13,46.0,52.0
2022-10-11,43.0,51.0
2022-10-08,41.0,52.0
2022-10-12,45.0,54.0
2022-10-12,48.0,52.0
2022-10-12,42.0,55.0
2022-10-09,37.0,57.0
2022-10-09,46.0,53.0
2022-10-10,39.1,55.7
2022-10-12,39.0,46.0
2022-10-10,45.0,54.0
2022-10-09,44.0,55.0
2022-10-04,45.0,49.0
2022-10-05,42.0,52.0
2022-10-08,45.0,46.0
2022-10-10,39.94,54.51
2022-10-08,41.0,58.0
2022-10-06,43.0,56.0
2022-10-06,43.0,56.0
2022-10-07,43.0,55.0
2022-10-05,42.0,57.0
2022-10-02,42.0,51.0
2022-10-06,45.0,54.0
2022-10-05,41.0,49.0
2022-10-05,40.7,53.6
2022-09-29,43.0,51.0
2022-09-03,44.0,56.0
2022-10-03,45.0,53.0
2022-10-03,39.5,52.93
2022-10-02,44.0,54.0
2022-10-01,42.56,48.75
2022-09-29,41.0,53.0
2022-10-02,38.0,45.0
2022-10-03,45.5,54.5
2022-09-30,43.0,53.0
2022-09-30,41.0,57.0
2022-09-26,43.0,51.0
2022-09-30,42.0,56.0
2022-09-30,46.0,53.0
2022-09-30,42.0,53.0
2022-09-01,42.0,51.0
2022-09-23,48.0,52.0
2022-09-01,43.0,55.0
2022-09-23,43.0,51.0
2022-09-27,44.0,49.0
2022-09-26,46.4,53.6
2022-09-27,46.0,53.0
2022-09-27,45.0,54.0
2022-09-27,44.0,54.0
2022-09-21,43.0,49.0
2022-09-23,39.0,53.0
2022-09-25,39.7,55.2
2022-09-24,40.87,50.1
2022-09-26,41.16,52.84
2022-09-22,44.0,54.0
2022-09-24,45.0,54.0
2022-09-20,43.0,51.0
2022-09-22,42.0,56.0
2022-09-24,43.0,54.0
2022-09-21,38.0,54.0
2022-09-20,36.0,51.0
2022-09-23,41.0,56.0
2022-09-23,45.0,52.0
2022-09-17,43.0,50.0
2022-09-22,40.0,46.0
2022-09-21,46.0,53.0
2022-09-21,45.0,55.0
2022-09-21,40.3,52.4
2022-09-17,48.0,50.0
2022-09-20,46.0,52.0
2022-09-18,39.0,53.0
2022-09-20,41.0,54.0
2022-09-20,45.4,49.3
2022-09-19,45.0,53.0
2022-09-18,46.0,53.0
2022-09-14,44.0,50.0
2022-09-17,41.0,53.0
2022-09-17,41.15,50.73
2022-09-19,39.06,56.57
2022-09-16,41.0,51.0
2022-09-16,45.0,54.0
2022-09-16,42.0,55.0
2022-09-16,46.0,52.0
2022-09-14,43.0,54.0
2022-09-15,46.0,52.0
2022-09-15,40.0,58.0
2022-09-11,44.0,49.0
2022-09-15,47.0,52.0
2022-09-01,42.0,56.0
2022-09-13,41.0,56.0
2022-09-09,45.0,55.0
2022-09-14,37.0,46.0
2022-09-08,44.0,50.0
2022-09-07,45.0,55.0
2022-09-12,47.0,52.0
2022-09-06,42.0,53.0
2022-08-11,35.0,44.0
2022-09-09,45.0,52.0
2022-09-10,40.31,52.18
2022-09-11,44.0,54.0
2022-09-12,39.37,54.27
2022-09-06,43.0,48.0
2022-09-07,41.0,54.0
2022-09-09,45.0,53.0
2022-09-09,43.0,56.0
2022-09-01,39.0,57.0
2022-09-09,40.0,51.0
2022-09-08,44.0,55.0
2022-09-05,43.0,51.0
2022-09-09,43.0,55.0
2022-09-09,46.0,53.0
2022-09-08,40.0,55.0
2022-09-08,46.0,50.0
2022-09-08,41.0,55.0
2022-09-08,43.0,54.0
2022-09-07,44.0,51.0
2022-09-07,39.3,54.8
2022-09-07,46.0,48.0
2022-09-07,39.9,53.2
2022-09-06,46.0,49.0
2022-09-06,38.0,55.0
2022-09-02,42.0,51.0
2022-09-06,46.0,53.0
2022-09-07,41.0,54.0
2022-09-06,45.0,53.0
2022-08-31,47.0,52.0
2022-09-06,39.42,56.81
2022-09-03,41.0,51.0
2022-09-02,40.0,52.0
2022-09-02,35.0,53.0
2022-09-03,45.0,54.0
2022-08-30,42.0,51.0
2022-09-01,45.0,53.0
2022-09-02,41.0,57.0
2022-09-01,37.0,58.0
2022-08-27,43.0,51.0
2022-08-31,45.0,54.0
2022-08-29,41.0,54.0
2022-09-01,45.1,53.8
2022-08-01,39.0,55.0
2022-08-01,41.0,57.0
2022-08-26,42.0,56.0
2022-08-29,44.0,54.0
2022-08-28,46.0,53.0
2022-08-24,43.0,51.0
2022-08-28,41.0,50.0
2022-08-29,38.29,57.54
2022-08-25,40.0,52.0
2022-08-27,43.0,52.0
2022-08-28,39.0,47.0
2022-08-26,43.0,55.0
2022-08-24,45.0,53.0
2022-08-25,46.0,53.0
2022-08-21,42.0,52.0
2022-08-24,45.0,55.0
2022-08-24,44.0,49.2
2022-08-17,45.0,54.0
2022-08-22,44.0,55.0
2022-08-18,41.0,52.0
2022-08-20,43.0,55.0
2022-08-23,41.5,50.8
2022-08-01,44.0,53.0
2022-08-21,38.9,57.6
2022-08-22,42.96,57.04
2022-08-22,41.33,54.12
2022-08-21,45.0,54.0
2022-08-20,41.0,51.0
2022-08-19,46.0,53.0
2022-08-18,40.0,53.0
2022-08-19,45.0,54.0
2022-08-15,41.0,52.0
2022-08-19,43.0,55.0
2022-08-17,37.0,57.0
2022-08-16,44.0,55.0
2022-08-12,41.0,52.0
2022-08-15,38.0,57.0
2022-08-16,44.0,54.0
2022-08-11,41.0,54.0
2022-08-16,43.0,52.0
2022-08-17,39.0,44.0
2022-08-12,42.0,55.0
2022-08-15,38.44,57.02
2022-08-13,41.88,50.23
2022-08-13,44.0,54.0
2022-08-09,41.0,52.0
2022-08-11,43.0,55.0
2022-08-01,37.0,60.0
2022-08-11,42.0,56.0
2022-08-12,42.0,56.0
2022-08-10,44.0,55.0
2022-08-06,40.0,53.0
2022-08-10,38.3,52.5
2022-08-10,42.0,56.0
2022-08-08,45.0,54.0
2022-08-06,42.0,58.0
2022-08-03,40.0,53.0
2022-08-07,38.0,55.0
2022-08-08,39.62,54.69
2022-08-05,42.0,54.0
2022-08-06,41.0,57.0
2022-08-05,41.0,57.0
2022-08-05,39.0,59.0
2022-08-03,45.0,54.0
2022-08-04,42.0,54.2
2022-08-02,39.0,53.0
2022-07-27,38.0,54.0
2022-07-31,43.0,54.0
2022-08-01,37.99,57.43
2022-07-30,38.0,54.0
2022-07-31,38.0,60.0
2022-07-28,38.0,56.0
2022-07-28,41.0,57.0
2022-07-28,35.0,56.0
2022-07-01,36.0,57.0
2022-07-01,38.0,60.0
2022-07-30,40.0,58.0
2022-07-30,40.0,57.0
2022-07-30,39.0,56.0
2022-07-29,39.0,59.0
2022-07-27,39.1,54.4
2022-07-27,42.0,58.0
2022-07-28,35.0,47.0
2022-07-27,38.0,57.0
2022-07-26,44.0,54.0
2022-07-05,38.0,59.0
2022-07-20,39.0,54.0
2022-07-23,38.0,54.0
2022-07-25,36.6,58.35
2022-07-22,39.0,55.6
2022-07-21,41.0,57.0
2022-07-23,41.0,56.0
2022-07-22,42.83,57.17
2022-07-21,39.3,59.7
2022-07-23,36.0,54.0
2022-07-22,37.0,59.0
2022-07-19,39.0,55.0
2022-07-16,42.0,55.0
2022-07-18,42.9,55.7
2022-07-19,39.9,53.1
2022-07-17,36.0,58.0
2022-07-18,36.0,61.0
2022-07-13,38.0,55.0
2022-07-16,37.0,54.0
2022-07-18,36.26,58.6
2022-07-14,43.0,55.0
2022-07-15,41.0,57.0
2022-07-14,31.0,60.0
2022-07-16,38.0,56.0
2022-07-16,39.0,57.0
2022-07-14,36.0,62.0
2022-07-11,36.0,57.0
2022-07-15,38.0,58.0
2022-07-13,42.0,57.0
2022-07-08,42.0,58.0
2022-07-13,38.9,53.2
2022-06-13,38.0,62.0
2022-07-10,40.0,59.0
2022-07-05,36.0,64.0
2022-07-06,38.0,54.0
2022-07-10,42.0,56.0
2022-07-11,39.04,55.28
2022-07-08,38.0,55.0
2022-07-09,37.0,55.0
2022-07-05,43.0,57.0
2022-07-08,40.0,58.0
2022-07-07,36.0,57.0
2022-07-08,40.0,58.0
2022-07-09,32.0,45.0
2022-07-07,40.0,57.0
2022-07-06,40.0,49.0
2022-07-05,33.0,60.0
2022-07-05,37.0,61.0
2022-07-05,37.0,58.0
2022-07-05,35.88,58.95
2022-06-29,38.0,55.0
2022-07-02,38.0,52.0
2022-06-27,37.0,62.0
2022-07-01,39.0,58.0
2022-06-30,41.0,57.0
2022-07-01,39.2,53.0
2022-06-30,37.0,58.0
2022-06-01,38.0,55.0
2022-06-01,39.0,59.0
2022-06-26,39.0,53.0
2022-06-29,37.0,57.0
2022-06-28,40.0,57.0
2022-06-29,38.0,57.0
2022-06-28,41.0,58.0
2022-06-28,39.5,53.2
2022-06-22,38.0,55.0
2022-06-25,36.0,55.0
2022-06-27,38.45,56.68
2022-06-25,43.0,52.0
2022-06-22,43.0,57.0
2022-06-23,36.0,58.0
2022-06-23,40.0,58.0
2022-06-23,39.0,60.0
2022-06-23,40.0,58.0
2022-06-24,38.0,54.0
2022-06-24,39.0,60.0
2022-06-24,39.0,58.0
2022-06-23,40.0,58.0
2022-06-23,41.0,56.0
2022-06-24,43.0,55.0
2022-06-24,40.0,53.0
2022-06-17,45.0,53.0
2022-06-22,38.0,58.0
2022-06-22,41.0,59.0
2022-06-18,40.0,55.0
2022-06-20,35.1,59.7
2022-06-17,41.0,57.0
2022-06-20,40.0,59.0
2022-06-21,36.04,58.46
2022-06-20,42.48,57.53
2022-06-15,40.0,53.0
2022-06-18,40.0,52.0
2022-06-16,42.0,54.0
2022-06-01,41.0,57.0
2022-06-17,33.0,57.0
2022-06-17,42.0,56.0
2022-06-17,41.0,57.0
2022-06-17,40.0,55.0
2022-06-13,41.0,57.0
2022-06-15,41.0,58.0
2022-06-16,41.5,57.0
2022-06-15,40.0,55.0
2022-06-15,36.6,53.9
2022-06-14,39.0,56.0
2022-06-15,35.0,43.0
2022-06-12,38.8,57.1
2022-06-08,38.0,54.0
2022-06-12,40.0,58.0
2022-06-11,41.0,51.0
2022-06-13,38.75,55.72
2022-06-09,40.0,57.0
2022-06-10,39.0,56.0
2022-06-10,43.0,57.0
2022-06-10,41.0,57.0
2022-06-10,40.0,56.0
2022-06-08,37.0,49.0
2022-06-07,39.0,59.0
2022-06-01,39.0,53.0
2022-06-04,41.0,50.0
2022-06-06,40.8,56.48
2022-05-31,38.0,53.0
2022-06-03,33.0,55.0
2022-06-02,41.0,57.0
2022-06-04,39.0,55.0
2022-06-04,39.0,58.0
2022-06-01,40.0,51.6
2022-05-25,42.0,56.0
2022-05-30,41.0,57.0
2022-05-31,42.32,51.97
2022-05-01,41.0,53.0
2022-05-01,41.0,57.0
2022-05-25,40.0,53.0
2022-05-28,41.0,49.0
2022-05-30,39.0,43.0
2022-05-27,43.0,54.0
2022-05-27,42.0,53.0
2022-05-28,41.0,57.0
2022-05-25,43.0,55.0
2022-05-26,44.0,52.0
2022-05-25,41.0,51.0
2022-05-24,40.0,56.0
2022-05-24,37.6,52.0
2022-05-25,42.0,56.0
2022-05-23,43.0,49.4
2022-05-18,40.0,52.0
2022-05-22,43.0,56.0
2022-05-21,42.0,49.0
2022-05-23,36.41,59.31
2022-05-19,42.0,56.0
2022-05-20,44.0,54.0
2022-05-02,41.0,54.0
2022-05-19,42.0,53.0
2022-05-20,42.0,56.0
2022-05-18,38.1,52.2
2022-05-17,39.0,55.0
2022-05-18,44.0,56.0
2022-05-17,44.0,52.0
2022-05-11,42.0,58.0
2022-05-09,42.0,57.0
2022-05-18,41.0,55.0
2022-05-18,42.75,57.25
2022-05-17,40.0,58.0
2022-05-17,39.0,47.0
2022-05-11,41.0,51.0
2022-05-15,41.0,50.0
2022-05-16,42.19,50.38
2022-05-12,39.0,60.0
2022-05-14,41.0,56.0
2022-05-12,35.0,57.0
2022-05-13,44.0,54.0
2022-05-16,43.0,55.0
2022-05-12,44.0,55.0
2022-05-12,44.0,51.0
2022-05-12,42.0,52.0
2022-05-12,42.0,54.0
2022-05-13,43.2,55.2
2022-05-13,43.0,55.0
2022-05-09,45.0,55.0
2022-05-09,39.0,56.0
2022-05-09,40.0,58.0
2022-05-05,39.0,56.0
2022-05-04,41.0,51.0
2022-05-08,41.0,50.0
2022-05-09,42.39,50.39
2022-05-05,38.0,55.0
2022-05-05,38.0,57.0
2022-05-05,44.0,53.0
2022-05-06,42.0,55.0
2022-05-04,43.0,52.0
2022-05-04,43.0,55.0
2022-05-03,42.0,49.0
2022-05-04,42.2,48.7
2022-05-04,39.0,47.0
2022-05-03,40.0,52.0
2022-05-03,42.0,53.0
2022-04-30,41.0,54.0
2022-04-27,41.0,51.0
2022-05-01,42.0,56.0
2022-04-30,42.0,50.0
2022-05-03,44.0,54.0
2022-05-02,44.35,49.6
2022-04-28,42.0,55.0
2022-04-29,41.0,55.0
2022-05-01,39.0,47.0
2022-04-28,41.0,59.0
2022-04-28,45.0,53.0
2022-04-29,43.0,55.0
2022-04-01,41.0,53.0
2022-04-01,42.0,56.0
2022-04-24,38.0,49.0
2022-04-26,44.0,49.0
2022-04-24,42.0,52.0
2022-04-26,42.0,55.0
2022-04-19,39.0,54.0
2022-04-26,41.0,49.0
2022-04-22,41.0,57.0
2022-04-19,41.0,51.0
2022-04-25,41.7,49.7
2022-04-20,40.0,51.0
2022-04-25,42.15,53.47
2022-04-22,42.0,55.0
2022-04-21,38.0,52.0
2022-04-22,42.0,55.0
2022-04-21,41.0,58.0
2022-04-20,42.0,52.0
2022-04-21,42.0,53.0
2022-04-21,43.0,54.0
2022-04-20,40.6,49.6
2022-04-19,42.0,51.0
2022-04-19,42.0,53.0
2022-04-20,41.0,54.0
2022-04-19,39.0,55.0
2022-04-18,44.0,54.0
2022-04-18,39.6,55.3
2022-04-18,39.0,54.0
2022-04-18,43.0,56.0
2022-04-12,52.0,48.0
2022-04-01,41.0,56.0
2022-04-13,40.0,52.0
2022-04-16,41.0,49.0
2022-04-18,43.27,51.32
2022-04-15,44.6,53.7
2022-04-14,45.0,54.0
2022-04-12,44.0,56.0
2022-04-18,38.0,47.0
2022-04-14,46.0,52.0
2022-04-17,47.4,52.6
2022-04-15,45.0,52.0
2022-04-15,43.0,52.0
2022-04-13,44.0,54.0
2022-04-14,41.0,55.0
2022-04-14,43.0,54.0
2022-04-13,43.0,53.0
2022-04-12,43.0,51.0
2022-04-06,42.0,50.0
2022-04-09,44.0,48.0
2022-04-10,41.0,58.0
2022-04-11,40.76,53.2
2022-04-09,40.0,54.0
2022-04-09,42.0,55.0
2022-04-07,33.0,54.0
2022-04-08,41.0,55.0
2022-04-08,40.0,53.0
2022-04-07,38.0,53.0
2022-04-07,40.0,55.0
2022-04-06,39.2,51.5
2022-04-06,42.0,43.0
2022-04-05,42.0,58.0
2022-04-05,41.0,57.0
2022-04-05,43.0,51.0
2022-03-30,44.0,48.0
2022-04-02,40.0,50.0
2022-04-04,45.11,50.15
2022-04-01,44.0,54.0
2022-03-31,45.0,52.0
2022-03-31,38.0,53.0
2022-03-31,39.0,53.0
2022-03-31,42.0,56.0
2022-04-01,42.0,55.0
2022-04-01,39.0,53.0
2022-03-31,43.0,53.0
2022-04-03,39.0,48.0
2022-03-31,41.0,53.0
2022-03-01,45.0,50.0
2022-03-01,43.0,55.0
2022-03-29,42.0,55.0
2022-03-25,44.0,53.0
2022-03-30,40.0,54.0
2022-03-29,40.0,56.0
2022-03-28,42.0,57.0
2022-03-22,39.0,54.0
2022-03-23,42.0,50.0
2022-03-26,43.0,49.0
2022-03-28,41.99,52.04
2022-03-24,36.0,55.0
2022-03-25,42.0,53.0
2022-03-25,43.3,48.6
2022-03-25,42.0,52.0
2022-03-25,42.0,54.0
2022-03-23,43.0,56.0
2022-03-25,37.0,56.0
2022-03-23,45.0,52.0
2022-03-14,44.0,55.0
2022-03-23,39.0,55.0
2022-03-18,40.0,55.0
2022-03-17,41.0,57.0
2022-03-21,44.03,55.97
2022-03-16,41.0,50.0
2022-03-20,42.0,57.0
2022-03-19,43.0,48.0
2022-03-21,39.96,54.43
2022-03-11,42.67,57.33
2022-03-18,38.0,56.0
2022-03-15,43.0,57.0
2022-03-17,43.0,56.0
2022-03-18,45.0,54.0
2022-03-18,45.0,53.0
2022-03-18,42.0,55.0
2022-03-17,44.0,52.0
2022-03-18,47.0,51.0
2022-03-20,39.0,45.0
2022-03-15,34.0,52.0
2022-03-18,42.7,48.6
2022-03-17,45.0,51.0
2022-03-01,42.0,54.0
2022-03-15,41.0,54.0
2022-03-14,43.0,53.0
2022-03-15,38.0,60.0
2022-03-09,41.0,51.0
2022-03-12,40.0,51.0
2022-03-14,42.66,53.46
2022-03-12,44.0,48.0
2022-03-06,41.0,54.0
2022-03-10,39.0,54.0
2022-03-11,40.0,54.0
2022-03-10,38.0,53.0
2022-03-11,41.0,56.0
2022-03-10,41.0,53.0
2022-03-10,42.0,56.0
2022-03-07,43.0,55.0
2022-02-28,44.8,53.0
2022-03-09,38.3,52.0
2022-03-08,43.0,57.0
2022-03-02,45.0,54.0
2022-03-02,45.0,54.0
2022-03-08,41.8,52.4
2022-03-07,39.0,60.0
2022-03-03,47.0,42.0
2022-03-07,42.0,54.0
2022-03-08,37.0,47.0
2022-03-02,42.0,50.0
2022-03-05,41.0,48.0
2022-03-07,44.92,48.7
2022-03-05,46.0,51.0
2022-03-04,46.0,51.0
2022-03-02,42.0,57.0
2022-03-03,45.0,53.0
2022-03-04,48.0,49.0
2022-03-04,45.0,51.0
2022-03-04,38.0,51.0
2022-03-02,44.0,54.0
2022-03-03,45.0,50.0
2022-03-02,39.0,47.0
2022-03-01,47.0,48.0
2022-03-01,47.0,50.0
2022-02-23,42.0,50.0
2022-02-26,42.0,47.0
2022-02-27,42.0,56.0
2022-02-28,42.59,54.06
2022-02-01,41.0,53.0
2022-02-01,43.0,54.0
2022-02-24,44.0,56.0
2022-02-26,42.0,54.0
2022-02-25,37.0,52.0
2022-02-25,41.0,56.0
2022-02-24,41.0,53.0
2022-02-26,44.0,54.0
2022-02-23,38.9,50.1
2022-02-24,41.0,55.0
2022-02-23,42.8,57.2
2022-02-20,37.0,55.0
2022-02-23,38.0,55.0
2022-02-24,47.0,51.0
2022-02-22,40.0,58.0
2022-02-19,44.0,51.0
2022-02-19,44.0,53.0
2022-02-23,39.0,41.0
2022-02-22,43.07,53.07
2022-02-17,43.0,55.0
2022-02-19,43.0,56.0
2022-02-16,41.0,57.0
2022-02-16,42.0,50.0
2022-02-19,41.0,49.0
2022-02-15,39.0,55.0
2022-02-18,44.0,55.0
2022-02-19,45.0,53.0
2022-02-17,46.0,53.0
2022-02-19,44.0,53.0
2022-02-18,44.0,52.0
2022-02-16,39.4,56.6
2022-02-19,45.0,51.0
2022-02-17,44.0,52.0
2022-02-19,42.0,49.7
2022-02-15,43.0,57.0
2022-02-10,41.0,53.0
2022-02-01,41.0,55.0
2022-02-15,43.0,47.0
2022-02-13,39.1,58.2
2022-02-14,41.0,58.0
2022-02-09,41.0,50.0
2022-02-12,39.0,50.0
2022-02-14,44.26,50.81
2022-02-10,35.0,55.0
2022-02-12,42.0,52.0
2022-02-12,43.0,53.0
2022-02-09,42.0,57.0
2022-02-09,41.4,50.0
2022-02-08,44.0,56.0
2022-02-09,44.0,51.0
2022-02-03,42.0,52.0
2022-02-04,43.0,54.0
2022-02-02,41.0,51.0
2022-02-05,39.0,50.0
2022-02-06,40.0,58.0
2022-02-07,43.18,50.65
2022-01-31,45.0,52.0
2022-02-03,43.0,55.0
2022-02-03,42.0,51.0
2022-02-01,44.0,53.0
2022-02-07,43.0,55.0
2022-02-04,45.0,51.0
2022-02-06,38.0,48.0
2022-01-10,41.0,58.0
2022-02-04,42.0,55.0
2022-02-05,41.0,55.0
2022-02-02,38.0,48.0
2022-02-01,43.0,55.0
2022-02-02,40.6,56.29
2022-02-01,42.0,52.0
2022-01-26,41.0,51.0
2022-01-29,42.0,49.0
2022-01-01,41.0,52.0
2022-01-01,44.0,54.0
2022-01-27,39.0,59.0
2022-01-28,43.0,54.0
2022-01-28,40.0,49.0
2022-01-26,40.4,53.4
2022-01-26,45.32,50.48
2022-01-24,42.0,57.0
2022-01-19,42.0,50.0
2022-01-22,38.0,51.0
2022-01-20,44.0,56.0
2022-01-21,44.3,49.0
2022-01-20,40.0,53.0
2022-01-20,46.0,52.0
2022-01-20,39.0,54.0
2022-01-17,45.0,53.0
2022-01-21,41.0,56.0
2022-01-22,41.0,53.0
2022-01-23,41.0,56.0
2022-01-21,42.0,56.0
2022-01-22,43.0,50.0
2022-01-21,46.0,52.0
2022-01-22,42.0,55.0
2022-01-21,40.0,59.0
2022-01-19,40.0,59.0
2022-01-10,46.0,53.0
2022-01-19,39.0,53.0
2022-01-17,43.0,53.0
2022-01-19,43.27,51.55
2022-01-18,42.0,52.0
2022-01-16,47.0,52.0
2022-01-14,43.0,54.0
2022-01-13,43.0,56.0
2022-01-12,43.0,49.0
2022-01-13,41.0,57.0
2022-01-16,41.0,58.0
2022-01-15,39.0,51.0
2022-01-10,41.0,56.0
2022-01-14,45.0,52.0
2022-01-14,43.0,52.0
2022-01-14,41.0,52.0
2022-01-15,40.0,56.0
2022-01-03,40.0,56.0
2022-01-14,44.0,49.0
2022-01-14,44.0,51.0
2022-01-13,44.0,50.0
2022-01-12,38.7,59.2
2022-01-12,42.6,48.7
2022-01-13,40.0,55.0
2022-01-12,44.0,50.0
2022-01-12,44.0,56.0
2022-01-11,38.0,60.0
2022-01-12,44.75,49.55
2022-01-11,40.0,53.0
2022-01-05,43.0,49.0
2022-01-08,42.0,50.0
2022-01-10,42.1,57.7
2022-01-06,47.0,51.0
2022-01-07,33.0,53.0
2022-01-06,40.0,59.0
2022-01-08,45.0,49.0
2022-01-08,39.0,44.0
2022-01-08,43.0,51.0
2022-01-08,43.0,51.0
2022-01-05,44.0,45.0
2022-01-06,41.0,52.0
2022-01-05,45.15,50.55
2022-01-05,43.0,50.0
2022-01-03,43.0,57.0
2022-01-02,46.0,44.0
2022-01-03,42.0,50.0
2021-12-29,42.0,50.0
2022-01-02,40.0,50.0
2021-12-29,40.0,59.0
2021-12-01,36.0,56.0
2021-12-01,44.0,54.0
2021-12-25,43.0,49.0
2021-12-27,40.2,54.3
2021-12-28,42.0,57.0
2021-12-28,43.0,54.0
2021-12-22,41.0,58.0
2021-12-18,45.0,48.0
2021-12-21,49.7,48.4
2021-12-21,41.0,53.0
2021-12-18,40.4,55.9
2021-12-19,42.0,57.0
2021-12-19,39.0,49.0
2021-12-14,41.0,53.0
2021-12-17,44.0,56.0
2021-12-18,44.0,52.0
2021-12-17,46.0,49.0
2021-12-18,43.0,53.0
2021-12-17,47.0,50.0
2021-12-17,41.0,58.0
2021-12-18,41.0,44.0
2021-12-11,44.0,48.0
2021-12-13,48.0,48.0
2021-12-16,41.0,53.0
2021-12-17,46.3,52.1
2021-12-15,48.0,46.0
2021-12-01,43.0,51.0
2021-12-14,41.0,58.0
2021-12-14,42.0,52.0
2021-12-11,47.0,51.0
2021-12-12,40.0,51.0
2021-12-09,41.0,53.0
2021-12-11,41.0,55.0
2021-12-11,46.0,51.0
2021-12-09,48.0,51.0
2021-12-09,41.0,57.0
2021-12-08,49.0,51.0
2021-12-08,41.0,53.0
2021-12-04,44.0,49.0
2021-12-09,48.13,48.22
2021-12-02,46.0,51.0
2021-12-07,49.0,47.0
2021-12-06,45.0,49.0
2021-12-06,42.0,56.0
2021-11-30,45.0,55.0
2021-12-03,47.0,47.0
2021-12-06,45.0,50.0
2021-12-02,48.0,51.0
2021-12-04,39.0,52.0
2021-12-03,47.0,49.0
2021-12-02,50.0,46.0
2021-12-03,47.0,49.0
2021-12-03,45.0,52.0
2021-11-30,42.0,51.0
2021-12-02,40.0,50.0
2021-12-03,48.0,46.0
2021-12-04,45.0,51.0
2021-12-05,37.0,45.0
2021-12-03,44.0,55.0
2021-12-01,42.0,56.0
2021-12-01,41.0,50.0
2021-12-01,43.0,43.0
2021-12-01,46.0,48.0
2021-11-27,44.0,49.0
2021-11-30,45.0,51.0
2021-12-01,45.83,48.65
2021-11-29,42.0,51.0
2021-11-01,39.0,54.0
2021-11-01,43.0,55.0
2021-11-29,43.0,52.0
2021-11-28,45.0,52.0
2021-11-28,43.0,56.0
2021-11-27,41.0,49.0
2021-11-29,46.0,48.0
2021-11-26,36.3,59.1
2021-11-24,46.0,49.0
2021-11-20,45.0,48.0
2021-11-22,42.0,47.0
2021-11-22,43.0,52.0
2021-11-21,41.0,58.0
2021-11-20,41.0,49.0
2021-11-16,41.0,57.0
2021-11-18,43.0,54.0
2021-11-18,47.0,53.0
2021-11-17,47.0,48.0
2021-11-19,44.0,53.0
2021-11-19,47.0,47.0
2021-11-20,44.0,52.0
2021-11-17,44.0,50.0
2021-11-13,44.0,49.0
2021-11-16,42.0,50.0
2021-11-17,43.0,52.0
2021-11-15,44.0,56.0
2021-11-16,44.0,45.0
2021-11-17,44.0,52.0
2021-11-12,45.0,52.0
2021-11-16,41.0,58.0
2021-11-17,44.49,49.06
2021-11-14,44.0,54.0
2021-11-15,41.0,53.0
2021-11-11,42.0,56.0
2021-11-01,42.0,55.0
2021-11-14,44.0,49.0
2021-11-12,43.0,50.0
2021-11-15,37.0,46.0
2021-11-11,36.0,53.0
2021-11-13,44.0,53.0
2021-11-11,41.0,57.0
2021-11-12,46.0,49.0
2021-11-11,45.0,52.0
2021-11-10,45.0,47.0
2021-11-06,44.0,48.0
2021-11-03,41.0,54.0
2021-11-01,49.0,51.0
2021-11-07,41.0,53.0
2021-11-08,41.0,58.0
2021-11-09,45.57,48.97
2021-11-08,40.0,55.0
2021-11-01,36.0,52.0
2021-11-06,42.0,48.0
2021-11-04,47.0,50.0
2021-11-04,42.0,50.0
2021-11-04,42.0,51.0
2021-11-05,49.0,45.0
2021-11-04,44.0,50.0
2021-11-05,46.0,51.0
2021-11-05,45.0,54.0
2021-11-05,46.0,49.0
2021-11-03,42.0,57.0
2021-11-03,46.0,50.0
2021-10-30,44.0,48.0
2021-11-03,37.8,59.0
2021-11-01,48.0,52.0
2021-11-03,41.3,50.4
2021-11-03,48.13,46.52
2021-10-31,44.0,55.0
2021-10-30,41.0,50.0
2021-10-29,47.0,47.0
2021-10-01,43.0,50.0
2021-10-01,44.0,52.0
2021-10-31,40.0,44.0
2021-10-28,46.0,49.0
2021-10-23,45.0,48.0
2021-10-27,40.0,45.0
2021-10-27,43.0,52.0
2021-10-26,47.0,48.0
2021-10-26,42.0,57.0
2021-10-27,44.11,51.38
2021-10-25,43.0,53.0
2021-10-20,45.0,52.0
2021-10-23,42.0,54.0
2021-10-24,43.0,49.0
2021-10-21,48.0,51.0
2021-10-22,43.0,53.0
2021-10-21,41.0,57.0
2021-10-22,46.0,51.0
2021-10-22,43.0,54.0
2021-10-21,53.0,45.0
2021-10-21,43.0,53.0
2021-10-23,49.0,47.0
2021-10-17,52.1,44.9
2021-10-20,42.0,47.0
2021-10-18,44.0,49.0
2021-10-16,45.0,47.0
2021-10-16,45.3,52.2
2021-10-19,44.0,49.0
2021-10-19,39.2,58.4
2021-10-20,45.72,48.04
2021-10-18,47.0,47.0
2021-10-17,47.0,47.0
2021-10-18,42.0,56.0
2021-10-01,42.0,52.0
2021-10-16,46.0,53.0
2021-10-15,47.0,51.0
2021-10-16,44.0,46.0
2021-10-07,48.0,50.0
2021-10-12,46.0,50.0
2021-10-14,45.0,54.0
2021-10-16,45.0,52.0
2021-10-15,37.0,52.0
2021-10-14,49.0,45.0
2021-10-17,43.0,39.0
2021-10-14,41.0,52.0
2021-10-13,37.0,50.0
2021-10-13,42.0,56.0
2021-10-14,47.0,48.0
2021-10-12,48.0,47.0
2021-10-09,46.0,47.0
2021-10-12,40.0,56.0
2021-10-13,46.08,48.08
2021-10-11,43.0,47.0
2021-10-11,48.0,47.0
2021-10-09,47.0,48.0
2021-10-08,47.0,48.0
2021-10-08,46.0,49.0
2021-10-10,43.0,56.0
2021-10-09,39.0,50.0
2021-10-07,46.0,51.0
2021-10-07,50.0,49.0
2021-10-08,46.0,51.0
2021-10-08,45.0,53.0
2021-10-06,47.0,50.0
2021-10-02,46.0,47.0
2021-10-06,49.0,46.0
2021-10-06,50.0,50.0
2021-10-05,43.0,56.0
2021-10-06,48.35,46.8
2021-10-03,39.0,53.0
2021-10-04,39.6,56.0
2021-10-05,45.0,37.0
2021-10-03,42.0,47.0
2021-10-01,46.0,49.0
2021-10-01,42.0,50.0
2021-10-02,45.0,52.0
2021-10-01,45.0,49.0
2021-10-01,38.0,53.0
2021-09-30,43.0,55.0
2021-09-29,44.0,40.0
2021-09-30,46.0,47.0
2021-09-25,45.0,47.0
2021-09-01,40.0,53.0
2021-09-01,46.0,52.0
2021-09-29,46.0,48.0
2021-09-29,45.77,49.92
2021-09-16,52.0,48.0
2021-09-27,48.0,46.0
2021-09-27,49.0,46.0
2021-09-27,42.0,56.0
2021-09-27,48.0,43.0
2021-09-26,40.0,49.0
2021-09-23,50.0,49.0
2021-09-23,46.0,51.0
2021-09-24,48.0,46.0
2021-09-24,46.0,52.0
2021-09-20,45.0,46.0
2021-09-22,40.0,58.0
2021-09-23,47.0,49.0
2021-09-24,45.0,48.0
2021-09-24,47.0,42.0
2021-09-18,46.0,46.0
2021-09-17,50.0,48.0
2021-09-22,44.21,50.77
2021-09-22,47.0,47.0
2021-09-17,49.0,46.0
2021-09-19,45.0,55.0
2021-09-18,43.0,46.0
2021-09-17,49.0,44.0
2021-09-16,46.0,48.0
2021-09-19,45.0,34.0
2021-09-14,45.0,50.0
2021-09-18,47.0,50.0
2021-09-17,50.0,46.0
2021-09-16,48.0,46.0
2021-09-13,44.0,53.0
2021-09-14,49.0,46.0
2021-09-16,48.0,48.0
2021-09-11,46.0,46.0
2021-09-01,43.0,53.0
2021-09-07,48.0,52.0
2021-09-13,51.0,44.0
2021-09-15,48.0,50.0
2021-09-14,43.0,55.0
2021-09-15,44.36,50.3
2021-09-12,50.0,49.0
2021-09-09,47.0,52.0
2021-09-12,44.0,48.0
2021-09-09,46.0,46.0
2021-09-09,49.0,49.0
2021-09-10,42.0,50.0
2021-09-09,45.0,53.0
2021-09-10,48.0,50.0
2021-09-10,48.0,46.0
2021-09-10,47.0,50.0
2021-09-11,49.0,45.0
2021-09-10,48.0,47.0
2021-09-10,48.0,46.0
2021-09-08,47.0,48.0
2021-09-10,47.0,44.0
2021-09-10,47.0,48.0
2021-09-04,47.0,45.0
2021-09-02,39.0,42.0
2021-09-08,55.0,45.0
2021-09-06,50.0,50.0
2021-09-08,43.5,54.3
2021-09-08,47.03,46.16
2021-09-01,46.0,49.0
2021-09-04,46.0,44.0
2021-09-07,48.0,46.0
2021-09-01,48.0,50.0
2021-09-06,46.0,52.0
2021-08-03,52.0,48.0
2021-09-04,39.0,49.0
2021-09-02,48.0,46.0
2021-09-02,50.0,44.0
2021-09-04,46.0,36.0
2021-09-02,42.0,52.0
2021-09-01,46.0,52.0
2021-08-28,47.0,45.0
2021-09-01,44.0,43.0
2021-08-30,46.0,54.0
2021-08-17,49.0,48.0
2021-08-30,49.0,46.0
2021-09-01,45.94,48.26
2021-08-29,44.0,51.0
2021-08-30,45.8,46.9
2021-08-30,44.0,49.0
2021-08-01,45.0,50.0
2021-08-01,50.0,49.0
2021-08-26,43.0,51.0
2021-08-29,42.0,56.0
2021-08-28,45.0,45.0
2021-08-26,47.0,50.0
2021-08-28,47.0,49.0
2021-08-27,48.0,49.0
2021-08-24,48.0,45.0
2021-08-25,53.0,44.0
2021-08-21,49.0,43.0
2021-08-24,45.0,53.0
2021-08-25,49.06,46.01
2021-08-21,51.0,44.0
2021-08-18,40.0,50.0
2021-08-21,46.0,44.0
2021-08-21,50.0,48.0
2021-08-21,52.0,43.0
2021-08-19,52.0,43.0
2021-08-19,41.2,55.1
2021-08-19,44.0,55.0
2021-08-20,46.0,46.0
2021-08-19,51.0,45.0
2021-08-20,49.0,43.0
2021-08-14,51.0,42.0
2021-08-17,49.0,46.0
2021-08-18,50.0,50.0
2021-08-13,50.0,44.0
2021-08-18,46.07,49.01
2021-08-16,50.0,47.0
2021-08-13,52.0,46.0
2021-08-12,49.0,45.0
2021-08-16,46.0,53.0
2021-08-17,47.0,45.0
2021-08-16,47.0,46.0
2021-08-14,49.0,48.0
2021-08-02,49.0,48.0
2021-08-14,44.0,44.0
2021-08-12,50.0,46.0
2021-08-12,54.0,46.0
2021-08-12,56.0,40.0
2021-08-16,46.0,47.0
2021-08-16,51.8,42.3
2021-08-12,52.0,43.0
2021-08-13,54.0,40.0
2021-08-13,51.0,46.0
2021-08-13,53.0,41.0
2021-08-11,55.0,41.0
2021-08-13,51.0,47.0
2021-08-11,46.0,53.0
2021-08-07,52.0,40.0
2021-08-09,56.0,40.0
2021-08-11,51.26,43.04
2021-08-08,46.5,47.5
2021-08-04,54.0,40.0
2021-08-07,53.0,46.0
2021-08-07,46.0,43.0
2021-08-08,48.0,50.0
2021-08-06,53.0,41.0
2021-08-07,51.0,46.0
2021-07-31,51.0,40.0
2021-08-04,55.0,40.0
2021-08-03,48.0,51.0
2021-08-04,50.14,42.69
2021-08-02,51.0,43.0
2021-08-02,48.0,36.0
2021-07-29,54.0,45.0
2021-07-31,48.0,43.0
2021-07-30,48.0,44.0
2021-07-30,51.0,43.0
2021-07-29,53.0,41.0
2021-07-29,51.0,46.0
2021-07-27,46.0,43.0
2021-07-31,53.0,42.0
2021-07-29,48.0,51.0
2021-07-29,55.0,39.0
2021-07-30,53.0,45.0
2021-07-01,46.0,48.0
2021-07-01,52.0,46.0
2021-07-29,43.0,51.0
2021-07-27,47.0,37.0
2021-07-24,52.0,40.0
2021-07-28,52.0,34.0
2021-07-21,49.0,44.0
2021-07-28,52.0,43.0
2021-07-28,53.83,42.1
2021-07-28,51.0,47.0
2021-07-20,47.0,44.0
2021-07-24,48.0,45.0
2021-07-26,47.0,51.0
2021-07-24,45.0,44.0
2021-07-16,58.0,42.0
2021-07-21,48.0,44.0
2021-07-23,53.0,41.0
2021-07-23,54.0,40.0
2021-07-21,49.0,49.0
2021-07-17,52.0,40.0
2021-07-19,55.0,43.0
2021-07-21,53.98,40.44
2021-07-20,58.0,42.0
2021-07-06,50.0,45.0
2021-07-17,48.0,40.0
2021-07-18,50.0,48.0
2021-07-17,53.0,43.0
2021-07-13,55.0,40.0
2021-07-15,59.0,41.0
2021-07-15,52.0,44.0
2021-07-08,55.0,43.0
2021-07-16,53.0,41.0
2021-07-16,54.0,45.0
2021-07-16,52.0,44.0
2021-07-14,58.0,42.0
2021-07-15,52.1,35.7
2021-07-10,52.0,39.0
2021-07-13,50.0,42.0
2021-07-13,49.0,49.0
2021-07-14,53.43,41.64
2021-07-09,54.0,39.0
2021-07-10,47.0,43.0
2021-07-09,52.0,45.0
2021-07-08,49.0,49.0
2021-07-07,46.0,46.0
2021-07-06,53.0,45.0
2021-07-08,51.0,41.0
2021-07-03,53.0,39.0
2021-07-08,59.0,41.0
2021-07-07,52.1,43.13
2021-07-05,49.0,49.0
2021-07-01,49.0,50.0
2021-07-05,60.0,39.0
2021-06-30,56.0,38.0
2021-07-03,50.0,40.0
2021-07-02,56.0,43.0
2021-06-26,52.0,39.0
2021-06-30,50.0,37.0
2021-06-29,48.0,50.0
2021-06-30,51.5,41.95
2021-06-01,52.0,42.0
2021-06-01,53.0,45.0
2021-06-27,50.0,42.0
2021-06-29,60.0,40.0
2021-06-22,50.0,43.0
2021-06-26,48.0,43.0
2021-06-24,54.0,43.0
2021-06-25,54.0,43.0
2021-06-24,49.0,49.0
2021-06-19,53.0,39.0
2021-06-22,58.0,38.0
2021-06-22,50.0,43.0
2021-06-23,52.6,40.23
2021-06-04,51.0,46.7
2021-06-21,58.0,38.0
2021-06-21,51.0,47.0
2021-06-18,55.0,42.0
2021-06-19,56.0,43.0
2021-06-20,49.0,41.0
2021-06-14,57.0,43.0
2021-06-17,53.0,44.0
2021-06-18,58.0,40.0
2021-06-16,55.0,44.0
2021-06-18,54.0,43.0
2021-06-18,49.0,40.0
2021-06-16,52.0,46.0
2021-06-17,52.0,43.0
2021-06-14,47.9,40.9
2021-06-15,56.0,38.0
2021-06-12,53.0,39.0
2021-06-01,56.0,42.0
2021-06-11,55.0,41.0
2021-06-15,59.0,34.0
2021-06-16,51.57,42.25
2021-06-11,53.0,42.0
2021-06-11,56.0,39.0
2021-06-13,48.0,42.0
2021-06-13,50.0,48.0
2021-06-10,55.0,44.0
2021-06-09,48.0,43.0
2021-06-10,52.0,44.0
2021-06-11,53.0,44.0
2021-06-05,53.0,39.0
2021-06-07,54.0,38.0
2021-06-05,52.0,45.0
2021-06-08,49.0,49.0
2021-06-09,54.95,40.26
2021-06-07,61.0,39.0
2021-06-04,51.0,41.0
2021-06-06,50.0,41.0
2021-06-03,54.0,41.0
2021-06-04,54.0,40.0
2021-06-03,49.0,49.0
2021-06-04,52.0,43.0
2021-06-04,51.0,38.0
2021-06-02,50.0,42.0
2021-06-03,55.0,39.0
2021-05-29,53.0,39.0
2021-06-02,53.57,42.33
2021-05-31,50.0,49.0
2021-05-30,61.0,39.0
2021-05-29,50.0,40.0
2021-05-01,50.0,47.0
2021-05-01,54.0,44.0
2021-05-26,53.0,45.0
2021-05-25,56.0,37.0
2021-05-22,54.0,38.0
2021-05-26,53.0,32.0
2021-05-26,60.0,37.0
2021-05-26,51.57,44.01
2021-05-22,51.0,42.0
2021-05-24,49.0,41.0
2021-05-22,54.0,42.0
2021-05-23,55.0,43.0
2021-05-22,53.0,39.0
2021-05-21,54.0,39.0
2021-05-18,49.0,41.0
2021-05-20,53.0,44.0
2021-05-21,55.0,40.0
2021-05-21,51.0,38.0
2021-05-19,56.0,38.0
2021-05-15,54.0,38.0
2021-05-18,59.0,38.0
2021-05-19,61.5,37.0
2021-05-20,59.0,40.0
2021-05-17,57.0,37.0
2021-05-18,52.0,46.0
2021-05-19,55.87,39.12
2021-05-17,57.0,38.0
2021-05-17,60.0,40.0
2021-05-03,54.0,40.0
2021-05-12,56.0,43.0
2021-05-15,51.0,41.0
2021-05-14,56.0,42.0
2021-05-14,54.0,42.0
2021-05-14,56.0,38.0
2021-05-13,50.0,48.0
2021-05-14,56.0,36.0
2021-05-12,55.0,39.0
2021-05-12,57.0,38.0
2021-05-08,54.0,37.0
2021-05-11,49.0,40.0
2021-05-11,55.91,38.48
2021-05-10,50.0,48.0
2021-05-08,52.0,39.0
2021-05-08,48.0,46.0
2021-05-04,53.0,41.0
2021-05-06,55.0,41.0
2021-05-06,55.0,39.0
2021-05-08,52.0,36.0
2021-05-07,52.0,38.0
2021-05-07,55.0,39.0
2021-05-05,50.0,48.0
2021-05-01,56.0,36.0
2021-05-04,56.0,38.0
2021-04-30,48.3,47.5
2021-05-04,54.92,38.02
2021-05-03,60.0,40.0
2021-05-01,48.0,42.0
2021-05-02,50.0,47.0
2021-04-29,63.0,36.0
2021-05-01,57.0,36.0
2021-04-30,55.0,37.0
2021-04-30,53.0,39.0
2021-04-29,55.0,38.0
2021-04-01,46.0,50.0
2021-04-01,54.0,44.0
2021-04-24,55.0,36.0
2021-04-28,51.0,32.0
2021-04-27,59.5,39.0
2021-04-27,54.0,37.0
2021-04-27,47.0,51.0
2021-04-26,60.0,40.0
2021-04-27,60.0,33.0
2021-04-27,55.18,37.62
2021-04-19,57.0,36.0
2021-04-25,51.0,39.0
2021-04-21,53.0,43.0
2021-04-24,60.0,37.0
2021-04-22,53.0,44.0
2021-04-22,50.0,48.0
2021-04-23,53.0,42.0
2021-04-23,51.0,39.0
2021-04-21,57.0,37.0
2021-04-21,58.0,42.0
2021-04-17,54.0,37.0
2021-04-16,54.0,43.0
2021-04-21,51.0,44.0
2021-04-21,54.49,38.76
2021-04-20,58.0,35.0
2021-04-19,54.0,44.0
2021-04-18,52.21,42.09
2021-04-18,54.0,43.0
2021-04-01,57.0,40.0
2021-04-19,50.0,49.0
2021-04-15,51.0,49.0
2021-04-17,53.0,39.0
2021-04-17,59.0,35.0
2021-04-17,49.0,38.0
2021-04-15,58.0,35.0
2021-04-16,61.0,39.0
2021-04-16,57.0,36.0
2021-04-15,58.0,35.0
2021-04-15,55.0,42.0
2021-04-14,57.0,43.0
2021-04-14,50.0,48.0
2021-04-12,55.0,40.0
2021-04-10,55.0,37.0
2021-04-14,54.35,37.56
2021-04-09,61.0,39.0
2021-04-08,57.5,40.5
2021-04-07,53.0,39.0
2021-04-10,50.0,41.0
2021-04-11,50.0,48.0
2021-04-08,55.0,42.0
2021-04-08,48.0,42.0
2021-04-08,54.0,41.0
2021-04-09,48.0,47.0
2021-04-09,59.0,37.0
2021-04-07,54.0,35.0
2021-04-08,47.0,41.0
2021-04-05,59.0,39.0
2021-04-03,55.0,36.0
2021-04-06,52.0,38.0
2021-04-06,50.0,48.0
2021-04-07,56.17,37.46
2021-04-03,49.0,41.0
2021-04-02,61.0,39.0
2021-04-01,47.0,51.0
2021-04-02,54.0,39.0
2021-04-02,57.0,37.0
2021-03-31,53.0,33.0
2021-03-30,57.0,36.0
2021-03-30,57.0,36.0
2021-03-27,54.0,36.0
2021-03-31,54.0,40.8
2021-03-01,55.0,43.0
2021-03-29,48.0,50.0
2021-03-27,48.0,40.0
2021-03-24,54.0,43.0
2021-03-25,55.0,41.0
2021-03-25,55.0,38.0
2021-03-26,61.0,38.0
2021-03-26,58.0,39.0
2021-03-24,57.0,36.0
2021-03-25,49.0,50.0
2021-03-23,56.0,37.0
2021-03-20,55.0,36.0
2021-03-18,56.0,42.0
2021-03-24,61.0,39.0
2021-03-23,58.0,36.0
2021-03-22,52.0,40.0
2021-03-24,61.0,39.0
2021-03-23,53.0,36.0
2021-03-24,53.46,40.66
2021-03-22,47.0,51.0
2021-03-20,49.0,41.0
2021-03-17,56.0,37.0
2021-03-18,60.0,35.0
2021-03-18,57.0,35.0
2021-03-17,54.0,40.0
2021-03-19,60.0,40.0
2021-03-21,53.0,35.0
2021-03-19,57.0,40.0
2021-03-15,51.0,44.0
2021-03-17,49.0,49.0
2021-03-18,60.0,34.0
2021-03-17,60.0,34.0
2021-03-13,56.0,35.0
2021-03-15,60.0,33.0
2021-03-17,58.74,35.39
2021-03-13,53.0,37.0
2021-03-14,52.0,46.0
2021-03-12,51.0,44.0
2021-03-11,56.0,40.0
2021-03-01,54.0,42.0
2021-03-12,62.0,34.0
2021-03-12,59.0,41.0
2021-03-11,57.0,37.0
2021-03-10,62.0,38.0
2021-03-06,55.0,36.0
2021-03-09,51.0,47.0
2021-03-10,53.76,39.11
2021-03-09,60.0,40.0
2021-03-06,50.0,39.0
2021-03-04,56.0,36.0
2021-03-05,58.0,42.0
2021-03-03,49.0,42.0
2021-03-03,51.0,41.0
2021-03-06,59.0,37.0
2021-03-04,58.0,34.0
2021-03-04,50.0,48.0
2021-02-26,53.0,39.0
2021-03-01,54.0,42.0
2021-03-04,53.0,39.0
2021-02-27,54.0,36.0
2021-03-03,57.86,34.53
2021-03-01,49.0,48.0
2021-02-27,51.0,39.0
2021-02-26,56.0,37.0
2021-02-25,60.0,40.0
2021-02-25,53.0,41.0
2021-02-25,51.0,42.0
2021-02-26,57.0,37.0
2021-02-01,56.0,42.0
2021-02-24,55.0,40.0
2021-02-26,48.0,38.0
2021-02-24,49.0,48.0
2021-02-26,47.0,43.0
2021-02-25,54.0,40.0
2021-02-24,53.0,30.0
2021-02-24,58.0,42.0
2021-02-24,54.0,35.0
2021-02-23,61.0,39.0
2021-02-24,56.54,37.44
2021-02-22,51.0,38.0
2021-02-23,59.0,41.0
2021-02-18,51.666666666666664,38.0
2021-02-21,54.0,35.0
2021-02-21,49.0,49.0
2021-02-19,58.0,36.0
2021-02-20,50.0,38.0
2021-02-19,51.0,36.0
2021-02-17,58.0,42.0
2021-02-18,57.0,33.0
2021-02-18,54.0,35.0
2021-02-18,56.0,37.0
2021-02-17,58.0,34.0
2021-02-03,56.0,40.0
2021-02-12,51.0,42.0
2021-02-16,49.0,49.0
2021-02-17,55.5,35.95
2021-02-15,54.0,35.0
2021-02-13,54.0,37.0
2021-02-12,56.0,35.0
2021-02-12,56.0,34.0
2021-02-12,59.0,41.0
2021-02-12,56.0,38.0
2021-02-11,56.0,38.0
2021-02-11,53.0,44.0
2021-02-14,62.0,33.0
2021-02-07,60.9,32.3
2021-02-12,54.0,34.0
2021-02-11,50.0,38.0
2021-02-11,57.0,35.0
2021-02-09,55.0,33.0
2021-02-08,50.0,47.0
2021-02-09,57.42,35.18
2021-02-08,60.0,40.0
2021-02-06,50.0,37.0
2021-02-06,55.0,33.0
2021-02-05,61.0,39.0
2021-02-05,59.0,35.0
2021-02-03,50.0,47.0
2021-02-04,60.0,32.0
2021-02-03,54.0,34.0
2021-02-02,49.0,39.0
2021-02-02,57.46,34.28
2021-01-21,57.0,37.0
2021-01-31,54.0,33.0
2021-01-31,51.0,47.0
2021-01-31,47.0,38.0
2021-01-29,57.0,33.0
2021-01-28,61.0,38.0
2021-01-28,49.0,36.0
2021-01-29,58.0,35.0
2021-01-27,53.0,39.0
2021-01-28,57.0,33.0
2021-01-28,58.0,35.0
2021-01-28,54.0,32.0
2021-01-28,55.0,34.0
2021-01-29,56.1,36.4
2021-01-28,61.0,39.0
2021-01-27,53.0,29.0
2021-01-27,56.0,33.0
2021-01-26,56.0,31.0
2021-01-26,50.0,45.0
2021-01-24,49.0,35.0
2021-01-25,54.0,31.0
2021-01-25,58.0,32.0
2021-01-20,55.0,33.0
2021-01-24,51.0,34.0
2021-01-22,56.0,32.0
2021-01-22,57.0,36.0
2021-01-22,59.0,32.0
2021-01-21,48.0,47.0
2021-01-21,54.0,30.0
2021-01-22,53.0,29.0
2021-01-21,58.0,32.0
2021-01-21,63.0,37.0
2021-01-20,45.0,28.0
2021-01-20,55.47,31.59
2021-01-20,56.0,31.0
